user_id,age_range,gender
224021,0.0,1.0
405848,6.0,0.0
311501,3.0,0.0
249242,3.0,1.0
102211,5.0,0.0
123692,4.0,1.0
296415,6.0,0.0
210281,0.0,0.0
401343,8.0,0.0
255737,7.0,0.0
230035,4.0,1.0
279787,0.0,0.0
399020,2.0,0.0
613,5.0,0.0
236710,2.0,1.0
420655,4.0,0.0
64895,3.0,0.0
421809,4.0,2.0
34655,4.0,0.0
287899,0.0,1.0
257827,3.0,0.0
301152,0.0,0.0
223160,3.0,0.0
358643,2.0,0.0
289028,5.0,2.0
93820,6.0,1.0
284930,3.0,1.0
206390,0.0,0.0
205205,4.0,1.0
263964,2.0,1.0
38956,3.0,0.0
362403,4.0,0.0
301109,0.0,1.0
23984,2.0,0.0
153094,7.0,0.0
334012,5.0,1.0
218186,2.0,1.0
192022,4.0,1.0
120558,3.0,2.0
162291,3.0,0.0
98068,3.0,1.0
284652,3.0,0.0
155170,6.0,0.0
85979,4.0,1.0
386432,0.0,0.0
3937,6.0,1.0
328106,3.0,0.0
226997,5.0,0.0
55502,5.0,0.0
422209,4.0,0.0
162470,0.0,1.0
168489,2.0,1.0
200753,4.0,2.0
249763,4.0,1.0
11000,0.0,
335767,0.0,0.0
275259,0.0,1.0
284207,3.0,1.0
397217,5.0,0.0
56557,0.0,0.0
105338,3.0,0.0
159981,4.0,1.0
273261,2.0,1.0
29300,0.0,0.0
273925,3.0,1.0
7153,0.0,0.0
127855,4.0,0.0
41816,2.0,1.0
2124,0.0,0.0
307357,4.0,0.0
343772,6.0,0.0
403198,5.0,2.0
117980,0.0,0.0
156020,5.0,0.0
380935,3.0,0.0
116911,0.0,0.0
358476,3.0,0.0
300964,6.0,0.0
256072,0.0,0.0
16528,0.0,0.0
35778,0.0,0.0
46461,3.0,1.0
71993,3.0,0.0
327954,3.0,1.0
208884,0.0,0.0
85453,3.0,1.0
48214,3.0,1.0
412190,3.0,0.0
369541,0.0,0.0
181904,3.0,1.0
284181,3.0,0.0
379645,0.0,0.0
39552,4.0,0.0
146398,4.0,1.0
35874,0.0,
263391,3.0,0.0
266156,0.0,0.0
258600,5.0,0.0
53071,5.0,0.0
248175,2.0,1.0
225498,5.0,0.0
271014,2.0,0.0
180828,0.0,0.0
173693,3.0,0.0
180884,0.0,0.0
310504,4.0,0.0
299143,6.0,0.0
216737,4.0,1.0
50754,2.0,1.0
130355,0.0,0.0
186635,3.0,0.0
294450,6.0,0.0
420339,,
313908,2.0,0.0
413543,6.0,1.0
297578,4.0,0.0
82389,2.0,1.0
212097,0.0,0.0
403624,2.0,1.0
234600,2.0,0.0
44037,4.0,0.0
85691,2.0,0.0
213321,6.0,0.0
43232,0.0,0.0
265622,0.0,0.0
42425,2.0,0.0
330610,5.0,0.0
319129,3.0,1.0
221397,0.0,0.0
343664,5.0,0.0
414288,2.0,1.0
933,4.0,0.0
83870,3.0,0.0
264010,4.0,0.0
390419,6.0,0.0
200004,3.0,0.0
51966,3.0,0.0
84230,3.0,0.0
306668,0.0,1.0
30499,3.0,0.0
421201,6.0,0.0
117727,0.0,0.0
212153,5.0,0.0
394743,0.0,0.0
258745,4.0,0.0
42642,4.0,0.0
87857,5.0,1.0
362550,3.0,2.0
125898,5.0,1.0
225089,3.0,0.0
214598,7.0,1.0
212446,4.0,0.0
256407,3.0,0.0
52899,2.0,1.0
2666,0.0,1.0
129148,0.0,0.0
355669,4.0,2.0
230065,3.0,0.0
283845,2.0,0.0
210512,0.0,0.0
124492,4.0,1.0
300271,4.0,0.0
150325,0.0,0.0
264777,3.0,0.0
182482,2.0,1.0
11122,2.0,0.0
62517,2.0,0.0
250451,7.0,0.0
70956,5.0,0.0
231324,3.0,1.0
156064,5.0,0.0
157916,0.0,0.0
124109,3.0,0.0
361639,5.0,0.0
130020,5.0,0.0
274793,0.0,0.0
18654,5.0,0.0
59900,3.0,0.0
231610,4.0,0.0
141422,6.0,0.0
174532,3.0,1.0
77086,2.0,0.0
49918,2.0,0.0
321169,3.0,0.0
193448,4.0,2.0
408588,3.0,1.0
195004,4.0,1.0
11124,3.0,0.0
381223,2.0,
328129,4.0,0.0
97093,2.0,0.0
352895,4.0,1.0
5189,0.0,0.0
44250,0.0,1.0
213105,3.0,0.0
326078,6.0,0.0
323501,4.0,2.0
19309,3.0,1.0
179661,4.0,0.0
134645,3.0,0.0
79055,2.0,1.0
285236,5.0,0.0
160657,5.0,1.0
415629,6.0,0.0
290197,3.0,1.0
234361,0.0,0.0
386646,4.0,0.0
251447,,
365709,4.0,0.0
262883,2.0,1.0
16492,0.0,0.0
420169,4.0,2.0
265376,2.0,1.0
354893,6.0,0.0
233920,5.0,0.0
68004,4.0,0.0
379602,5.0,1.0
99586,2.0,0.0
293040,5.0,1.0
104128,5.0,0.0
263085,0.0,0.0
206658,4.0,0.0
421332,0.0,1.0
130835,3.0,0.0
248432,4.0,1.0
12161,3.0,0.0
375271,3.0,0.0
143621,2.0,0.0
68231,3.0,1.0
136524,4.0,2.0
19816,5.0,0.0
84518,2.0,1.0
86679,0.0,0.0
266324,0.0,0.0
20061,5.0,0.0
133910,4.0,0.0
180892,5.0,0.0
50532,7.0,0.0
374439,3.0,1.0
264711,4.0,1.0
6807,3.0,1.0
423312,3.0,0.0
251073,3.0,0.0
177109,4.0,0.0
261953,4.0,0.0
302097,4.0,0.0
17746,3.0,0.0
291061,0.0,0.0
160930,4.0,0.0
405744,3.0,0.0
316456,3.0,1.0
332443,0.0,0.0
231497,5.0,2.0
84880,0.0,1.0
234991,6.0,0.0
417607,2.0,0.0
169376,2.0,
55821,4.0,0.0
108954,3.0,0.0
79275,3.0,2.0
416132,4.0,0.0
57767,3.0,1.0
292099,4.0,0.0
404372,7.0,0.0
138973,4.0,0.0
118032,0.0,0.0
45355,3.0,0.0
215432,2.0,1.0
330465,5.0,0.0
305355,3.0,0.0
412821,3.0,0.0
67254,3.0,2.0
236850,0.0,0.0
101241,4.0,0.0
261967,0.0,0.0
379903,4.0,1.0
398962,5.0,1.0
107039,4.0,0.0
83097,2.0,0.0
140008,2.0,0.0
353921,4.0,1.0
407522,0.0,0.0
313589,3.0,0.0
59602,3.0,0.0
308661,3.0,0.0
133178,6.0,1.0
74677,6.0,2.0
255038,3.0,0.0
384357,7.0,0.0
373029,0.0,1.0
253131,2.0,1.0
141988,3.0,0.0
114865,4.0,0.0
77199,3.0,0.0
57965,3.0,0.0
192312,3.0,0.0
196247,4.0,0.0
197178,2.0,0.0
133602,2.0,1.0
51677,0.0,0.0
242433,0.0,0.0
114328,3.0,0.0
102011,0.0,0.0
165838,4.0,0.0
394926,2.0,1.0
243575,4.0,0.0
364897,6.0,1.0
18026,4.0,2.0
264206,4.0,0.0
193272,6.0,0.0
316081,0.0,0.0
231115,0.0,1.0
144942,6.0,0.0
124868,0.0,0.0
187757,3.0,1.0
334931,5.0,0.0
352187,4.0,1.0
232826,4.0,1.0
415521,0.0,1.0
345270,3.0,1.0
71264,0.0,0.0
322627,3.0,0.0
63947,6.0,0.0
422516,2.0,0.0
358300,2.0,1.0
395769,0.0,1.0
206916,5.0,1.0
139827,2.0,0.0
16776,0.0,0.0
268960,0.0,0.0
332418,3.0,0.0
244446,5.0,0.0
144130,7.0,1.0
54095,3.0,0.0
393496,4.0,1.0
101213,0.0,0.0
387793,3.0,0.0
310613,2.0,0.0
333754,3.0,0.0
337309,5.0,1.0
325553,3.0,1.0
280646,6.0,0.0
403698,2.0,0.0
219263,4.0,1.0
361917,3.0,0.0
27068,3.0,0.0
377765,2.0,0.0
270764,0.0,1.0
107326,4.0,0.0
193848,0.0,0.0
158369,3.0,1.0
380788,6.0,1.0
131308,5.0,0.0
149330,5.0,0.0
327437,3.0,0.0
331618,3.0,0.0
332874,0.0,0.0
247273,3.0,0.0
345898,2.0,0.0
298531,3.0,1.0
305837,3.0,1.0
212355,3.0,0.0
91096,3.0,1.0
394779,3.0,0.0
148771,3.0,1.0
281934,0.0,2.0
378790,3.0,0.0
163596,3.0,0.0
407688,4.0,0.0
358692,2.0,0.0
68924,4.0,1.0
393004,4.0,0.0
191704,0.0,0.0
371820,0.0,0.0
314806,0.0,1.0
34007,3.0,0.0
285273,2.0,0.0
351471,2.0,1.0
46995,0.0,0.0
395633,3.0,0.0
334154,0.0,0.0
327991,0.0,0.0
285779,4.0,0.0
243879,3.0,0.0
375407,4.0,0.0
157161,3.0,0.0
379907,4.0,1.0
349511,0.0,1.0
181836,2.0,2.0
109085,4.0,0.0
289528,0.0,1.0
364745,4.0,0.0
392647,5.0,1.0
409949,2.0,0.0
217111,0.0,0.0
54435,4.0,0.0
332983,0.0,0.0
357356,4.0,0.0
276434,7.0,1.0
324910,3.0,0.0
79994,3.0,1.0
20617,5.0,0.0
215322,4.0,1.0
163171,4.0,1.0
352760,5.0,0.0
73411,5.0,0.0
42231,0.0,1.0
270397,0.0,0.0
4658,3.0,1.0
183973,3.0,0.0
320074,3.0,1.0
182527,3.0,0.0
234182,3.0,1.0
312898,0.0,0.0
402994,4.0,0.0
205325,3.0,1.0
273425,2.0,0.0
420923,4.0,0.0
237219,2.0,1.0
69370,3.0,1.0
328387,4.0,0.0
85928,5.0,0.0
77202,3.0,0.0
312977,6.0,0.0
178672,6.0,0.0
105083,3.0,0.0
405218,4.0,0.0
32407,3.0,1.0
254765,4.0,0.0
29562,5.0,0.0
3557,4.0,0.0
98793,4.0,0.0
154256,3.0,0.0
393535,5.0,1.0
210769,2.0,0.0
309894,2.0,0.0
130083,3.0,1.0
99355,0.0,0.0
16879,2.0,0.0
280192,2.0,0.0
83746,3.0,1.0
140321,2.0,0.0
287130,4.0,1.0
46083,4.0,0.0
347637,0.0,1.0
36926,4.0,2.0
394395,4.0,0.0
96886,2.0,0.0
373727,5.0,1.0
84625,2.0,0.0
405786,7.0,0.0
199656,6.0,0.0
191257,5.0,0.0
260261,4.0,0.0
126005,6.0,1.0
90010,4.0,1.0
64092,6.0,0.0
259784,5.0,1.0
212246,2.0,0.0
159127,3.0,0.0
253968,5.0,0.0
363552,0.0,1.0
139944,0.0,0.0
182217,3.0,0.0
378814,4.0,0.0
94564,0.0,1.0
62232,3.0,1.0
82961,2.0,0.0
293237,2.0,1.0
362308,5.0,0.0
344056,3.0,0.0
252888,4.0,1.0
224682,0.0,1.0
180643,0.0,0.0
386774,0.0,1.0
194896,2.0,1.0
298468,5.0,1.0
395072,4.0,1.0
50386,2.0,1.0
168320,4.0,0.0
413675,3.0,0.0
398771,3.0,0.0
196130,6.0,0.0
246084,3.0,1.0
17369,3.0,0.0
399410,4.0,2.0
12860,4.0,1.0
270091,4.0,1.0
186597,0.0,1.0
71464,3.0,0.0
218915,3.0,1.0
295316,3.0,1.0
356743,3.0,0.0
6233,3.0,0.0
180005,2.0,0.0
171700,4.0,0.0
145076,6.0,0.0
373269,4.0,0.0
342817,0.0,0.0
62,3.0,0.0
405278,0.0,0.0
222246,5.0,1.0
370971,0.0,0.0
239566,0.0,0.0
273865,4.0,0.0
156678,0.0,0.0
67444,7.0,1.0
93809,0.0,0.0
200554,4.0,1.0
301587,3.0,0.0
135417,2.0,1.0
214881,0.0,0.0
277335,3.0,1.0
255387,3.0,1.0
345563,0.0,0.0
95699,4.0,2.0
104030,2.0,0.0
19291,4.0,1.0
256499,0.0,1.0
216724,6.0,0.0
103980,3.0,1.0
329717,3.0,0.0
134362,6.0,1.0
46424,6.0,1.0
16306,0.0,0.0
345575,3.0,0.0
238142,4.0,1.0
103232,5.0,0.0
203511,4.0,1.0
338177,6.0,0.0
76472,3.0,0.0
265852,,
83801,5.0,1.0
252530,4.0,0.0
183799,3.0,0.0
65323,4.0,0.0
116378,0.0,0.0
363840,2.0,1.0
159797,3.0,0.0
135229,3.0,2.0
193875,4.0,0.0
158314,3.0,2.0
324664,0.0,0.0
61000,5.0,1.0
248799,0.0,0.0
192461,4.0,0.0
110899,0.0,0.0
94361,3.0,0.0
279538,4.0,1.0
339496,2.0,0.0
27251,0.0,0.0
416476,5.0,0.0
174138,3.0,1.0
199609,2.0,0.0
113272,3.0,1.0
226870,0.0,0.0
60615,0.0,0.0
387193,2.0,1.0
18611,0.0,1.0
48112,4.0,0.0
99915,5.0,0.0
211447,6.0,0.0
274147,2.0,0.0
221860,0.0,0.0
371599,4.0,1.0
55620,0.0,0.0
332863,5.0,1.0
47729,6.0,0.0
355248,6.0,0.0
219798,4.0,1.0
68701,4.0,0.0
323148,3.0,1.0
17900,3.0,0.0
381521,0.0,1.0
315000,6.0,0.0
171187,0.0,0.0
24081,0.0,0.0
338467,0.0,0.0
168537,0.0,2.0
364408,5.0,1.0
129170,0.0,0.0
392341,0.0,0.0
195944,3.0,0.0
343217,0.0,0.0
203017,0.0,1.0
305619,6.0,0.0
85473,3.0,0.0
89099,5.0,1.0
68383,5.0,0.0
418218,4.0,1.0
368304,5.0,0.0
396242,0.0,0.0
218424,6.0,0.0
78469,2.0,1.0
314859,0.0,1.0
112903,3.0,0.0
114136,2.0,0.0
362902,6.0,0.0
70073,2.0,0.0
316078,0.0,0.0
358836,0.0,1.0
318048,3.0,0.0
323502,4.0,0.0
198407,2.0,0.0
411090,2.0,0.0
308807,6.0,0.0
130330,0.0,0.0
51700,0.0,1.0
335006,4.0,1.0
399875,3.0,1.0
98869,0.0,1.0
230896,4.0,1.0
417627,2.0,1.0
73031,4.0,0.0
131264,4.0,0.0
199026,,
33820,2.0,0.0
415865,6.0,0.0
198420,4.0,1.0
261085,0.0,0.0
49506,2.0,0.0
148757,6.0,0.0
59385,0.0,0.0
69786,4.0,1.0
270233,0.0,0.0
221735,0.0,1.0
18167,3.0,1.0
47988,3.0,0.0
209472,5.0,1.0
382267,0.0,0.0
139099,4.0,1.0
94805,0.0,0.0
243204,0.0,0.0
174395,3.0,0.0
16092,2.0,0.0
349273,6.0,0.0
219917,4.0,0.0
400345,5.0,0.0
84231,6.0,0.0
208279,5.0,0.0
257345,0.0,1.0
132792,4.0,0.0
413347,4.0,0.0
112957,3.0,0.0
199900,4.0,0.0
148696,,
99459,6.0,0.0
324156,4.0,2.0
280767,0.0,0.0
29845,3.0,0.0
70469,5.0,0.0
119385,4.0,1.0
342306,0.0,0.0
116828,3.0,1.0
288385,3.0,0.0
82109,0.0,1.0
269476,0.0,0.0
169348,4.0,0.0
326604,6.0,0.0
408724,3.0,1.0
56546,6.0,1.0
31922,2.0,0.0
151048,6.0,0.0
196969,0.0,0.0
247513,3.0,1.0
171993,2.0,0.0
350368,3.0,1.0
49587,4.0,0.0
211842,4.0,0.0
324413,0.0,0.0
81235,4.0,0.0
275410,4.0,0.0
248120,3.0,0.0
162365,0.0,0.0
53845,4.0,0.0
351260,2.0,1.0
376451,5.0,0.0
206797,6.0,0.0
115544,5.0,1.0
270887,2.0,1.0
52547,4.0,1.0
277821,3.0,1.0
274347,0.0,0.0
204135,3.0,0.0
350205,3.0,0.0
266302,0.0,0.0
73646,5.0,0.0
224882,4.0,1.0
107083,4.0,1.0
276852,0.0,0.0
57730,3.0,0.0
365965,5.0,0.0
186532,6.0,0.0
61137,3.0,0.0
230484,2.0,0.0
367961,2.0,0.0
253519,4.0,0.0
33160,4.0,1.0
346114,4.0,0.0
117075,5.0,1.0
276541,2.0,0.0
264292,3.0,0.0
338626,5.0,0.0
62192,3.0,0.0
174407,0.0,1.0
254313,6.0,0.0
279015,0.0,1.0
161090,0.0,0.0
255945,7.0,0.0
423648,6.0,0.0
10025,5.0,0.0
234379,4.0,0.0
11432,4.0,0.0
214774,2.0,0.0
91916,0.0,1.0
338205,2.0,0.0
409307,,
228095,3.0,1.0
179919,3.0,1.0
246735,3.0,1.0
205284,0.0,0.0
307009,3.0,0.0
195189,4.0,0.0
215438,0.0,0.0
418889,3.0,0.0
93783,5.0,0.0
260923,3.0,1.0
181300,4.0,1.0
377383,3.0,0.0
5693,4.0,0.0
284277,3.0,0.0
133900,2.0,1.0
39857,2.0,0.0
242481,6.0,1.0
46915,0.0,1.0
322235,3.0,0.0
123506,3.0,1.0
295840,4.0,0.0
325435,3.0,1.0
108355,5.0,0.0
97299,0.0,1.0
333316,0.0,0.0
171406,3.0,1.0
360307,2.0,
262098,4.0,0.0
272965,3.0,0.0
18582,2.0,0.0
411101,5.0,0.0
28723,3.0,1.0
8587,6.0,0.0
257197,0.0,0.0
240430,3.0,1.0
30169,0.0,0.0
94905,3.0,1.0
24267,4.0,0.0
275405,3.0,0.0
394835,0.0,0.0
103407,6.0,1.0
340922,3.0,0.0
395693,3.0,0.0
200355,0.0,0.0
312117,4.0,1.0
235472,3.0,1.0
59274,7.0,1.0
103825,0.0,0.0
22618,2.0,1.0
95122,2.0,1.0
264196,3.0,2.0
362636,3.0,0.0
353945,2.0,0.0
138087,5.0,1.0
66092,3.0,1.0
47432,4.0,1.0
415320,3.0,0.0
417198,0.0,1.0
333297,4.0,0.0
167781,3.0,0.0
291989,6.0,0.0
417699,4.0,0.0
363167,0.0,0.0
138336,4.0,1.0
16060,2.0,1.0
368371,2.0,1.0
202365,6.0,1.0
257015,7.0,2.0
245452,4.0,0.0
362620,0.0,2.0
41078,3.0,0.0
47657,5.0,0.0
35376,3.0,0.0
177591,0.0,0.0
77515,3.0,0.0
331291,0.0,0.0
54148,2.0,1.0
348890,6.0,1.0
196293,0.0,1.0
290547,4.0,0.0
344217,6.0,1.0
7637,0.0,1.0
132455,5.0,0.0
303011,3.0,0.0
396997,8.0,0.0
326775,2.0,0.0
8761,4.0,0.0
17728,4.0,1.0
119424,3.0,1.0
6946,0.0,0.0
177066,2.0,1.0
274411,0.0,0.0
357289,6.0,0.0
323266,0.0,1.0
125057,3.0,0.0
83103,3.0,0.0
341789,3.0,0.0
308011,2.0,1.0
197391,4.0,0.0
284689,2.0,0.0
38457,6.0,0.0
338632,2.0,1.0
156683,4.0,0.0
307716,3.0,0.0
392897,4.0,0.0
330065,6.0,0.0
57868,2.0,0.0
58609,3.0,1.0
162829,3.0,0.0
2809,2.0,0.0
164554,0.0,0.0
247321,3.0,0.0
3675,2.0,0.0
413613,,
418865,5.0,0.0
400136,5.0,0.0
136658,3.0,1.0
323886,0.0,0.0
357853,5.0,2.0
64830,4.0,0.0
396757,6.0,1.0
140107,0.0,0.0
258811,0.0,0.0
227156,5.0,0.0
70077,3.0,1.0
237205,0.0,0.0
174314,2.0,0.0
230186,2.0,0.0
345065,5.0,0.0
138815,6.0,0.0
375256,5.0,0.0
421593,3.0,0.0
119560,3.0,1.0
124437,7.0,0.0
85550,5.0,0.0
87493,3.0,0.0
36185,5.0,1.0
406619,4.0,0.0
135809,3.0,0.0
366670,3.0,0.0
394430,4.0,0.0
400800,2.0,0.0
396364,6.0,0.0
131801,3.0,0.0
166668,2.0,0.0
358994,3.0,1.0
329224,3.0,1.0
167839,4.0,0.0
207761,2.0,0.0
277390,3.0,0.0
241582,6.0,0.0
382490,4.0,1.0
321657,3.0,0.0
403069,0.0,0.0
1423,3.0,0.0
76761,4.0,2.0
134661,3.0,1.0
357198,6.0,1.0
374868,0.0,1.0
262190,4.0,0.0
236567,0.0,1.0
228029,3.0,0.0
276694,2.0,0.0
22325,2.0,0.0
170283,2.0,1.0
197859,2.0,0.0
308655,3.0,1.0
35394,6.0,0.0
33464,4.0,0.0
92216,2.0,1.0
148774,6.0,0.0
242932,0.0,0.0
240987,3.0,0.0
312417,0.0,0.0
43667,3.0,2.0
50914,0.0,1.0
255033,5.0,0.0
416071,4.0,0.0
312991,7.0,0.0
180204,0.0,0.0
43720,2.0,0.0
78767,3.0,1.0
71245,7.0,0.0
333132,3.0,1.0
311620,3.0,0.0
291324,5.0,0.0
344442,4.0,2.0
118227,3.0,0.0
386079,3.0,0.0
245658,3.0,1.0
63554,3.0,1.0
275689,0.0,0.0
147637,4.0,0.0
137068,4.0,0.0
151317,3.0,0.0
103285,4.0,0.0
136431,0.0,0.0
326408,3.0,0.0
33073,3.0,0.0
186161,2.0,0.0
172364,3.0,0.0
231310,3.0,0.0
76080,4.0,0.0
25660,6.0,0.0
266429,0.0,0.0
270063,0.0,1.0
16855,3.0,0.0
418603,3.0,1.0
303700,0.0,1.0
347485,2.0,1.0
137573,6.0,0.0
301749,0.0,0.0
277512,7.0,1.0
215352,3.0,0.0
35419,7.0,0.0
311739,5.0,0.0
266231,0.0,0.0
176924,4.0,0.0
5957,3.0,1.0
104069,3.0,0.0
135522,0.0,
409601,5.0,2.0
216626,0.0,0.0
52506,2.0,0.0
305866,3.0,0.0
48635,3.0,0.0
266254,3.0,0.0
173538,3.0,0.0
61427,3.0,0.0
167811,4.0,0.0
331408,6.0,0.0
227614,6.0,0.0
295882,2.0,0.0
183376,5.0,1.0
203844,3.0,0.0
241072,4.0,0.0
341930,2.0,1.0
108455,0.0,0.0
384220,0.0,0.0
392064,0.0,0.0
282555,3.0,0.0
285842,2.0,0.0
75425,2.0,1.0
259005,3.0,0.0
63810,6.0,1.0
360735,3.0,1.0
305621,6.0,0.0
38617,7.0,0.0
188017,3.0,0.0
222312,5.0,0.0
346363,5.0,0.0
59868,5.0,0.0
111515,5.0,0.0
20464,0.0,0.0
97371,0.0,0.0
27520,3.0,0.0
309000,6.0,0.0
371795,3.0,0.0
31723,3.0,0.0
133642,2.0,0.0
129548,4.0,1.0
337353,3.0,0.0
224491,2.0,1.0
84551,5.0,0.0
94838,5.0,0.0
252006,4.0,1.0
251175,2.0,1.0
133041,2.0,1.0
203613,0.0,0.0
304616,4.0,1.0
419902,2.0,0.0
100502,2.0,0.0
352820,4.0,0.0
125705,3.0,1.0
331161,0.0,0.0
179817,5.0,1.0
281085,0.0,0.0
183126,0.0,0.0
259530,3.0,0.0
228081,3.0,0.0
270984,3.0,0.0
49526,0.0,
272401,3.0,2.0
362384,0.0,1.0
313956,2.0,0.0
168869,7.0,0.0
275611,3.0,0.0
128972,5.0,0.0
326017,6.0,0.0
102022,6.0,1.0
178536,7.0,0.0
121449,0.0,0.0
47309,3.0,2.0
25681,2.0,1.0
70403,2.0,0.0
385658,3.0,0.0
151041,5.0,1.0
8167,2.0,1.0
48008,0.0,0.0
147478,0.0,0.0
352868,2.0,1.0
246955,6.0,0.0
292789,2.0,0.0
243525,0.0,1.0
41192,3.0,0.0
23579,3.0,1.0
67530,0.0,0.0
356513,4.0,1.0
52710,5.0,1.0
320119,0.0,0.0
136667,5.0,1.0
353139,3.0,1.0
115567,0.0,0.0
398523,6.0,0.0
299427,4.0,0.0
357902,4.0,0.0
16186,0.0,0.0
423348,2.0,1.0
349328,2.0,1.0
135737,,
260181,5.0,0.0
267236,3.0,1.0
351691,3.0,1.0
267916,0.0,1.0
325364,6.0,0.0
44204,4.0,0.0
249509,8.0,
102907,0.0,0.0
191232,0.0,0.0
161895,0.0,0.0
407919,5.0,0.0
95935,4.0,0.0
184217,0.0,0.0
49920,3.0,0.0
276083,0.0,0.0
132484,3.0,0.0
292113,0.0,0.0
206598,0.0,0.0
371122,0.0,0.0
16502,0.0,0.0
396416,6.0,0.0
222434,3.0,2.0
407341,3.0,2.0
413507,0.0,1.0
13918,3.0,0.0
131484,6.0,0.0
127908,4.0,0.0
313214,4.0,0.0
257017,0.0,0.0
114530,0.0,0.0
49614,4.0,0.0
382057,6.0,0.0
93010,7.0,1.0
73524,5.0,1.0
153472,0.0,
102377,7.0,0.0
91297,4.0,1.0
422462,0.0,0.0
106125,0.0,0.0
196223,4.0,
93771,3.0,0.0
249056,0.0,0.0
20898,4.0,0.0
119358,3.0,1.0
307566,5.0,0.0
224204,6.0,0.0
338820,0.0,0.0
378539,2.0,1.0
31929,6.0,0.0
321294,4.0,0.0
323006,2.0,1.0
385776,2.0,0.0
251592,3.0,0.0
52621,0.0,0.0
404774,3.0,0.0
280885,4.0,1.0
348818,4.0,0.0
366648,0.0,0.0
300837,2.0,0.0
3278,3.0,0.0
189083,3.0,1.0
350298,4.0,0.0
277873,6.0,1.0
174289,3.0,0.0
195390,3.0,0.0
157889,2.0,0.0
143596,4.0,1.0
319255,4.0,2.0
277659,4.0,0.0
280838,4.0,0.0
79540,4.0,1.0
413534,4.0,0.0
269454,0.0,2.0
133781,0.0,0.0
27256,4.0,0.0
314390,2.0,0.0
176629,6.0,0.0
246068,6.0,1.0
259192,5.0,0.0
61804,5.0,0.0
374648,4.0,0.0
267040,3.0,0.0
368850,4.0,1.0
384310,6.0,0.0
25930,2.0,0.0
87550,3.0,0.0
332742,0.0,1.0
305851,6.0,
89011,3.0,1.0
125302,0.0,0.0
45704,5.0,1.0
70937,4.0,0.0
47822,2.0,0.0
44019,3.0,0.0
200653,0.0,1.0
155284,6.0,0.0
395500,4.0,0.0
323873,0.0,0.0
226325,3.0,1.0
311403,3.0,0.0
323195,2.0,0.0
96580,0.0,0.0
285288,0.0,0.0
353936,0.0,1.0
372206,4.0,0.0
4940,0.0,0.0
57991,6.0,0.0
166984,4.0,1.0
389725,3.0,0.0
226288,0.0,1.0
15120,0.0,0.0
378988,0.0,1.0
62135,3.0,0.0
96241,3.0,0.0
268334,4.0,0.0
156892,6.0,0.0
382479,0.0,0.0
403116,0.0,0.0
22442,4.0,0.0
391180,4.0,0.0
146849,3.0,0.0
195518,3.0,0.0
155869,0.0,0.0
200028,3.0,0.0
96995,3.0,1.0
350472,4.0,1.0
399820,2.0,0.0
292263,3.0,0.0
207948,0.0,0.0
110797,3.0,0.0
174782,3.0,0.0
383238,3.0,0.0
288185,2.0,1.0
132535,3.0,0.0
364323,3.0,2.0
405998,6.0,0.0
17313,3.0,2.0
150425,0.0,0.0
228116,4.0,0.0
232205,3.0,1.0
408708,4.0,2.0
318865,6.0,1.0
25832,3.0,0.0
186124,4.0,1.0
45809,3.0,1.0
207696,3.0,0.0
9639,4.0,0.0
413113,0.0,1.0
10184,4.0,0.0
233524,2.0,0.0
68038,6.0,0.0
255709,3.0,0.0
86006,2.0,1.0
421582,0.0,0.0
300976,0.0,0.0
230119,3.0,0.0
282478,5.0,0.0
357301,7.0,0.0
220990,2.0,0.0
320770,0.0,1.0
207521,3.0,0.0
102371,0.0,0.0
170402,6.0,0.0
271221,3.0,0.0
306693,4.0,0.0
53553,2.0,0.0
418744,3.0,0.0
115785,0.0,0.0
142044,2.0,0.0
46588,3.0,1.0
166607,0.0,0.0
331113,6.0,1.0
251312,2.0,1.0
85746,2.0,1.0
94859,4.0,0.0
35405,5.0,0.0
133748,3.0,1.0
123213,3.0,1.0
395407,6.0,0.0
254916,3.0,0.0
380336,5.0,1.0
343833,3.0,1.0
312047,0.0,1.0
328260,2.0,0.0
271594,0.0,0.0
185364,2.0,0.0
221847,2.0,0.0
277627,4.0,1.0
93634,2.0,1.0
13047,2.0,0.0
336350,6.0,1.0
126480,4.0,0.0
29160,0.0,0.0
14276,4.0,0.0
201542,0.0,1.0
416988,4.0,1.0
11934,0.0,1.0
276084,3.0,0.0
143797,6.0,0.0
239363,3.0,0.0
400852,4.0,1.0
276468,3.0,0.0
23442,4.0,0.0
358351,2.0,0.0
182503,4.0,0.0
234760,7.0,0.0
147236,4.0,2.0
200152,0.0,0.0
66032,0.0,0.0
260719,4.0,1.0
182119,4.0,1.0
49842,0.0,0.0
88027,2.0,0.0
187073,0.0,0.0
44423,0.0,0.0
328869,6.0,0.0
216579,0.0,0.0
161023,3.0,1.0
423663,4.0,0.0
26943,2.0,0.0
76602,2.0,0.0
262270,7.0,1.0
249515,6.0,0.0
52784,3.0,2.0
69957,4.0,0.0
277770,0.0,0.0
210174,3.0,1.0
65005,3.0,0.0
112215,4.0,0.0
32216,6.0,0.0
319338,8.0,0.0
182953,0.0,0.0
264964,0.0,1.0
93834,0.0,1.0
199226,3.0,0.0
353328,3.0,0.0
290269,3.0,0.0
64259,3.0,0.0
76286,0.0,0.0
272864,5.0,1.0
64231,2.0,0.0
382070,2.0,1.0
19756,3.0,1.0
259959,0.0,1.0
131407,,
65885,0.0,0.0
405375,2.0,0.0
383231,0.0,0.0
287006,3.0,0.0
93536,0.0,0.0
279507,5.0,0.0
185034,0.0,0.0
90178,4.0,0.0
216524,5.0,0.0
5482,6.0,0.0
357186,3.0,2.0
322574,3.0,0.0
186305,6.0,1.0
312360,5.0,0.0
360563,3.0,1.0
144178,5.0,1.0
276833,3.0,1.0
145351,4.0,0.0
239415,4.0,1.0
47517,0.0,0.0
294183,5.0,2.0
59237,0.0,0.0
171184,2.0,0.0
62837,3.0,2.0
393213,2.0,0.0
89522,3.0,0.0
334138,4.0,0.0
48636,4.0,0.0
360796,3.0,1.0
214809,3.0,0.0
409757,2.0,0.0
169546,7.0,1.0
30268,0.0,0.0
181816,4.0,0.0
292601,4.0,1.0
211579,3.0,0.0
287940,3.0,1.0
56382,2.0,0.0
302577,0.0,0.0
222460,3.0,0.0
329803,3.0,0.0
188083,2.0,1.0
135746,6.0,1.0
256938,0.0,0.0
393791,5.0,1.0
423055,3.0,0.0
236627,0.0,1.0
351080,6.0,1.0
223810,5.0,0.0
73866,6.0,0.0
171828,4.0,1.0
263401,5.0,1.0
57071,3.0,0.0
306662,0.0,0.0
142137,5.0,0.0
130552,4.0,0.0
146085,0.0,1.0
117250,3.0,1.0
372201,3.0,0.0
379968,2.0,0.0
237044,3.0,0.0
131664,3.0,0.0
38717,0.0,0.0
290627,7.0,1.0
220629,2.0,1.0
89142,6.0,0.0
382883,2.0,0.0
339256,4.0,1.0
263585,3.0,0.0
4304,4.0,1.0
411593,2.0,0.0
155246,0.0,0.0
108075,0.0,
389160,2.0,1.0
257447,5.0,0.0
339070,4.0,1.0
332653,4.0,0.0
163517,2.0,1.0
23399,0.0,0.0
411092,5.0,0.0
307066,4.0,1.0
39161,0.0,0.0
202460,3.0,0.0
270456,3.0,1.0
271149,0.0,0.0
95892,4.0,0.0
216342,4.0,1.0
49769,3.0,1.0
363645,6.0,0.0
175326,0.0,0.0
1978,0.0,1.0
219492,0.0,0.0
233413,3.0,0.0
277801,3.0,1.0
294497,5.0,0.0
254969,5.0,1.0
18413,0.0,0.0
30629,3.0,0.0
203809,2.0,1.0
96217,3.0,0.0
297921,3.0,0.0
93798,0.0,0.0
122270,3.0,0.0
387256,7.0,0.0
79678,4.0,0.0
396935,2.0,1.0
131290,3.0,0.0
165345,4.0,0.0
369995,4.0,0.0
175079,3.0,0.0
119488,6.0,0.0
353605,2.0,0.0
341530,6.0,1.0
253854,4.0,0.0
402363,6.0,1.0
164735,6.0,0.0
179786,3.0,2.0
348324,6.0,0.0
30868,0.0,0.0
187360,4.0,0.0
347451,4.0,0.0
79299,2.0,0.0
366285,3.0,1.0
52252,4.0,0.0
403208,0.0,1.0
337428,3.0,0.0
370067,4.0,0.0
362478,2.0,0.0
420160,4.0,0.0
248101,2.0,2.0
87730,0.0,0.0
415899,0.0,0.0
37240,5.0,1.0
267015,2.0,1.0
188770,2.0,1.0
395009,2.0,0.0
160433,0.0,0.0
286066,4.0,1.0
78456,4.0,0.0
112068,4.0,0.0
105458,3.0,0.0
131839,0.0,1.0
389625,3.0,0.0
320823,3.0,0.0
278855,6.0,0.0
14164,4.0,1.0
146747,4.0,0.0
397181,3.0,0.0
354851,0.0,1.0
309221,0.0,
69958,7.0,0.0
54119,2.0,0.0
229907,4.0,0.0
222383,3.0,0.0
268692,3.0,0.0
32474,3.0,0.0
176340,3.0,1.0
35886,3.0,1.0
132523,5.0,0.0
88043,5.0,1.0
247023,4.0,0.0
291140,3.0,0.0
418871,0.0,0.0
82129,2.0,0.0
165999,2.0,0.0
194569,0.0,1.0
337361,5.0,0.0
330921,3.0,1.0
374383,5.0,0.0
206358,0.0,0.0
367231,6.0,0.0
158814,2.0,0.0
168269,0.0,1.0
64138,5.0,0.0
358739,4.0,1.0
197687,,
405999,4.0,0.0
206553,2.0,1.0
269591,2.0,0.0
3269,4.0,0.0
350329,3.0,1.0
402159,3.0,1.0
57268,4.0,2.0
367789,5.0,0.0
90267,0.0,0.0
189575,4.0,0.0
33474,4.0,0.0
351366,4.0,1.0
25036,2.0,0.0
397631,0.0,0.0
234872,2.0,1.0
75755,0.0,0.0
47463,2.0,1.0
269938,3.0,0.0
2537,3.0,0.0
407484,4.0,1.0
185597,4.0,1.0
201524,2.0,1.0
114461,0.0,1.0
349017,5.0,0.0
106987,5.0,1.0
317154,4.0,1.0
188861,5.0,0.0
416874,0.0,1.0
413410,4.0,0.0
179411,0.0,0.0
339673,4.0,0.0
118850,4.0,0.0
228872,5.0,0.0
100736,0.0,0.0
58359,2.0,0.0
365083,3.0,0.0
150443,0.0,1.0
145704,0.0,1.0
364685,5.0,0.0
216790,3.0,0.0
361445,5.0,0.0
102628,5.0,0.0
41303,2.0,0.0
160013,3.0,0.0
313611,5.0,1.0
97698,4.0,0.0
194122,4.0,0.0
63219,3.0,0.0
290905,3.0,0.0
51575,6.0,0.0
352510,3.0,1.0
17962,2.0,0.0
148740,0.0,0.0
321914,5.0,0.0
414122,4.0,1.0
353645,4.0,1.0
175856,4.0,0.0
136822,0.0,0.0
347214,0.0,0.0
265060,2.0,0.0
6733,3.0,1.0
400506,3.0,0.0
103436,0.0,0.0
94944,2.0,0.0
414791,0.0,1.0
280007,7.0,0.0
37965,3.0,0.0
68303,0.0,0.0
316168,0.0,1.0
337340,0.0,0.0
277325,3.0,1.0
345125,2.0,1.0
367150,4.0,0.0
239031,3.0,0.0
109770,3.0,1.0
206698,0.0,0.0
127339,0.0,1.0
92243,2.0,1.0
292803,4.0,0.0
303675,4.0,1.0
227128,4.0,0.0
202315,6.0,0.0
209897,5.0,0.0
212770,4.0,0.0
398028,6.0,0.0
254559,2.0,0.0
328431,2.0,1.0
293343,3.0,0.0
62693,6.0,0.0
288119,5.0,0.0
44056,0.0,0.0
188735,0.0,1.0
38962,3.0,1.0
157222,4.0,0.0
36337,6.0,0.0
384437,0.0,1.0
373398,5.0,0.0
233782,5.0,0.0
421421,4.0,0.0
296407,3.0,0.0
172410,2.0,0.0
272117,3.0,0.0
199292,3.0,0.0
144318,7.0,1.0
377893,3.0,1.0
330200,3.0,1.0
251679,6.0,0.0
92629,4.0,0.0
224442,2.0,0.0
373971,0.0,0.0
299301,4.0,0.0
330529,5.0,0.0
369496,4.0,0.0
53966,4.0,0.0
423583,3.0,1.0
349447,4.0,0.0
198766,6.0,1.0
300550,4.0,0.0
32366,6.0,0.0
126478,2.0,0.0
287043,7.0,0.0
407637,2.0,0.0
281189,0.0,1.0
321145,0.0,0.0
287283,4.0,0.0
28625,3.0,0.0
38809,3.0,0.0
192869,3.0,1.0
286769,6.0,1.0
382783,3.0,0.0
241827,4.0,1.0
371856,3.0,1.0
313014,2.0,0.0
355141,0.0,0.0
242900,5.0,1.0
25400,0.0,0.0
210417,3.0,0.0
311384,5.0,1.0
67318,3.0,0.0
271570,5.0,2.0
327482,4.0,1.0
193677,2.0,1.0
61180,2.0,0.0
30947,3.0,0.0
397231,3.0,0.0
240522,2.0,0.0
48032,5.0,0.0
101459,3.0,0.0
80131,3.0,0.0
413872,7.0,0.0
17146,0.0,0.0
382812,3.0,1.0
369086,0.0,0.0
356966,4.0,0.0
315165,0.0,0.0
170344,2.0,1.0
107898,7.0,0.0
162110,3.0,1.0
273393,0.0,0.0
54894,5.0,0.0
8370,3.0,0.0
57743,7.0,1.0
304183,4.0,0.0
411215,3.0,0.0
115378,3.0,1.0
340131,3.0,1.0
185647,0.0,1.0
58043,0.0,0.0
158787,3.0,0.0
721,3.0,1.0
169541,5.0,1.0
331339,5.0,0.0
176197,0.0,0.0
330172,0.0,0.0
22882,5.0,0.0
200400,0.0,0.0
352140,3.0,
46572,3.0,0.0
370625,3.0,0.0
68501,4.0,0.0
164170,6.0,0.0
138348,5.0,0.0
415436,0.0,1.0
422318,4.0,0.0
268465,4.0,0.0
416743,3.0,0.0
210939,5.0,0.0
184466,3.0,0.0
422835,0.0,0.0
189509,3.0,0.0
163148,3.0,1.0
250604,5.0,0.0
212165,0.0,0.0
125223,2.0,0.0
107452,0.0,0.0
43254,3.0,1.0
223432,0.0,1.0
130977,4.0,0.0
236751,4.0,0.0
48934,2.0,1.0
57448,2.0,0.0
303428,3.0,0.0
347524,6.0,0.0
71275,6.0,0.0
250337,4.0,0.0
413132,3.0,0.0
391034,3.0,0.0
144748,5.0,0.0
295355,5.0,0.0
151821,4.0,1.0
70045,0.0,0.0
269022,5.0,0.0
263598,3.0,0.0
95377,0.0,0.0
346955,4.0,0.0
265117,0.0,0.0
402071,0.0,0.0
26121,3.0,0.0
275539,2.0,1.0
13335,2.0,0.0
210924,3.0,1.0
284164,3.0,1.0
271456,3.0,1.0
155180,4.0,0.0
383937,3.0,1.0
7936,6.0,0.0
183545,6.0,0.0
302366,5.0,1.0
358966,3.0,1.0
46181,3.0,0.0
56583,4.0,0.0
147327,3.0,0.0
353893,4.0,0.0
124971,0.0,0.0
23014,0.0,1.0
95543,6.0,0.0
289732,4.0,0.0
178351,6.0,0.0
180270,0.0,0.0
36930,0.0,1.0
17942,6.0,0.0
334206,3.0,0.0
270651,3.0,0.0
236045,3.0,1.0
350009,3.0,0.0
183245,4.0,0.0
294870,5.0,0.0
35595,3.0,0.0
202058,0.0,0.0
365678,3.0,1.0
204074,4.0,0.0
30585,4.0,0.0
157537,5.0,0.0
156194,3.0,1.0
412097,2.0,1.0
153537,5.0,0.0
94725,4.0,0.0
297419,0.0,0.0
68713,4.0,0.0
114452,2.0,0.0
35366,3.0,1.0
219253,7.0,0.0
292319,0.0,0.0
94450,2.0,0.0
339121,4.0,1.0
380731,3.0,0.0
371520,5.0,0.0
210294,2.0,0.0
352442,4.0,1.0
17374,4.0,1.0
120740,5.0,0.0
307943,6.0,1.0
195344,4.0,0.0
64087,2.0,1.0
383840,0.0,1.0
79679,5.0,0.0
158974,0.0,0.0
73203,,
12240,4.0,0.0
177461,2.0,0.0
338843,4.0,0.0
88207,4.0,2.0
246682,3.0,0.0
242447,4.0,0.0
91894,5.0,0.0
228300,0.0,0.0
143917,0.0,0.0
13809,3.0,1.0
404790,5.0,0.0
76455,6.0,1.0
98730,4.0,0.0
338055,4.0,0.0
305804,4.0,0.0
362794,3.0,1.0
117062,2.0,1.0
80922,6.0,0.0
332296,3.0,0.0
204569,4.0,0.0
78568,6.0,0.0
375303,0.0,0.0
234106,4.0,0.0
143875,5.0,0.0
322915,0.0,0.0
360752,3.0,0.0
67431,5.0,0.0
373340,4.0,0.0
208045,0.0,0.0
289089,0.0,0.0
375764,0.0,0.0
320081,0.0,0.0
244801,3.0,1.0
5841,2.0,0.0
20475,3.0,0.0
371796,4.0,0.0
91858,3.0,1.0
130931,3.0,1.0
80389,0.0,0.0
59072,3.0,1.0
21750,5.0,0.0
58156,0.0,0.0
44443,6.0,0.0
178403,6.0,0.0
78941,2.0,0.0
324012,3.0,1.0
248332,0.0,0.0
165892,3.0,0.0
200961,6.0,0.0
134886,4.0,0.0
306044,0.0,0.0
109477,3.0,0.0
210352,4.0,0.0
94687,3.0,0.0
160971,4.0,0.0
237333,3.0,1.0
68204,2.0,1.0
313403,4.0,0.0
410209,3.0,0.0
161270,0.0,0.0
281752,4.0,0.0
154885,0.0,0.0
151412,0.0,0.0
389330,0.0,0.0
307440,4.0,0.0
369459,4.0,0.0
222348,6.0,0.0
354502,5.0,0.0
74946,6.0,0.0
48348,2.0,0.0
103749,7.0,1.0
50392,5.0,2.0
328120,0.0,0.0
68197,3.0,0.0
100863,6.0,0.0
2280,0.0,1.0
277918,0.0,0.0
327206,4.0,0.0
181402,3.0,1.0
27565,6.0,0.0
190416,6.0,1.0
98173,5.0,0.0
266410,4.0,0.0
159994,3.0,0.0
64172,0.0,
236921,2.0,1.0
313370,5.0,0.0
227527,5.0,0.0
285157,4.0,0.0
249191,0.0,0.0
51360,5.0,1.0
340809,4.0,1.0
20894,4.0,0.0
351938,4.0,0.0
359778,2.0,0.0
171589,2.0,0.0
369821,4.0,0.0
146696,2.0,0.0
324054,4.0,1.0
212234,0.0,0.0
384873,3.0,0.0
284788,4.0,1.0
265473,4.0,0.0
23970,5.0,0.0
39960,3.0,0.0
394422,3.0,0.0
405672,3.0,0.0
233267,0.0,0.0
344417,4.0,0.0
165289,0.0,0.0
202494,4.0,1.0
110480,3.0,1.0
196607,0.0,0.0
270626,4.0,0.0
341919,0.0,0.0
395906,3.0,1.0
409993,0.0,0.0
359677,0.0,0.0
88577,3.0,0.0
347166,3.0,0.0
97292,0.0,1.0
220880,0.0,0.0
291742,0.0,0.0
367116,5.0,0.0
52486,0.0,0.0
360044,0.0,0.0
62908,7.0,0.0
315318,6.0,0.0
322348,4.0,0.0
352708,4.0,1.0
1855,6.0,0.0
45586,5.0,0.0
350323,0.0,1.0
274623,3.0,1.0
153487,0.0,0.0
181859,2.0,1.0
9690,3.0,1.0
145540,4.0,0.0
291990,6.0,0.0
421256,0.0,1.0
182010,4.0,1.0
397244,6.0,2.0
303791,3.0,0.0
90,0.0,0.0
152027,6.0,0.0
64861,3.0,1.0
96407,3.0,0.0
298019,3.0,0.0
167511,6.0,0.0
258737,2.0,1.0
330377,2.0,0.0
211405,5.0,1.0
42537,2.0,0.0
198831,3.0,0.0
379460,5.0,0.0
131426,0.0,0.0
67586,6.0,0.0
107877,0.0,1.0
207855,0.0,1.0
387526,0.0,0.0
11870,3.0,0.0
108960,2.0,0.0
79706,3.0,0.0
420977,3.0,0.0
284671,3.0,0.0
424167,3.0,1.0
14986,6.0,0.0
47884,3.0,0.0
49073,6.0,0.0
413735,3.0,1.0
77699,2.0,0.0
367706,3.0,0.0
7350,0.0,0.0
304671,3.0,1.0
137228,0.0,0.0
398721,3.0,0.0
131195,4.0,2.0
64913,2.0,1.0
269164,2.0,0.0
19249,5.0,0.0
181599,0.0,0.0
227149,3.0,1.0
65921,6.0,0.0
420135,5.0,1.0
112194,0.0,0.0
274889,5.0,0.0
302335,3.0,0.0
111068,4.0,1.0
340209,0.0,0.0
148011,4.0,0.0
284902,5.0,0.0
144746,2.0,0.0
218785,6.0,0.0
414941,4.0,1.0
405434,4.0,1.0
402568,4.0,0.0
221307,7.0,1.0
308482,5.0,2.0
78148,4.0,0.0
322374,3.0,0.0
117790,5.0,0.0
260713,5.0,0.0
347175,2.0,0.0
375073,0.0,0.0
321550,0.0,0.0
6720,4.0,0.0
122716,2.0,0.0
401288,0.0,0.0
322773,6.0,1.0
49579,3.0,0.0
120229,3.0,0.0
232924,4.0,0.0
411292,0.0,0.0
51935,8.0,1.0
341635,0.0,1.0
225186,2.0,1.0
165477,7.0,0.0
255910,3.0,1.0
152831,6.0,0.0
61161,4.0,0.0
292282,3.0,0.0
6998,4.0,0.0
376009,3.0,0.0
170310,2.0,0.0
277943,6.0,0.0
29444,2.0,0.0
35279,4.0,0.0
223537,0.0,0.0
228084,3.0,0.0
10355,3.0,0.0
417821,4.0,0.0
375969,0.0,0.0
14670,0.0,0.0
113783,3.0,0.0
226795,3.0,0.0
235683,0.0,0.0
266688,0.0,1.0
112705,2.0,0.0
92557,0.0,1.0
109103,2.0,0.0
365908,5.0,0.0
116387,2.0,0.0
39143,3.0,0.0
66467,4.0,0.0
165846,0.0,1.0
253105,4.0,0.0
103419,,
378119,0.0,0.0
413962,3.0,0.0
32751,4.0,0.0
29176,0.0,0.0
175379,2.0,1.0
146812,3.0,0.0
254258,4.0,1.0
308313,0.0,1.0
395387,,
296741,3.0,0.0
73408,0.0,0.0
225609,2.0,0.0
151236,5.0,0.0
152274,5.0,0.0
267031,4.0,0.0
221730,0.0,0.0
172851,3.0,0.0
91946,5.0,0.0
244251,3.0,0.0
354911,0.0,0.0
294190,0.0,0.0
176554,0.0,0.0
139091,3.0,0.0
125316,5.0,0.0
303969,4.0,1.0
138782,3.0,1.0
52298,3.0,1.0
95739,3.0,1.0
265215,3.0,0.0
329489,3.0,0.0
342571,5.0,0.0
404076,0.0,0.0
92357,4.0,0.0
399053,3.0,1.0
56115,3.0,0.0
37283,4.0,0.0
324221,2.0,0.0
177850,5.0,1.0
12777,3.0,0.0
186684,2.0,0.0
115352,3.0,0.0
215597,2.0,0.0
233654,4.0,0.0
223189,6.0,1.0
172152,4.0,1.0
20114,0.0,0.0
209220,0.0,0.0
60372,0.0,0.0
193710,2.0,0.0
257971,4.0,0.0
292596,5.0,0.0
37878,0.0,0.0
58562,6.0,0.0
341864,4.0,1.0
147699,4.0,0.0
232991,0.0,0.0
109270,4.0,1.0
16250,4.0,0.0
1184,3.0,1.0
382521,2.0,1.0
211743,0.0,0.0
169275,0.0,1.0
256807,2.0,0.0
120570,6.0,0.0
285505,0.0,0.0
231028,4.0,0.0
37796,6.0,1.0
285985,0.0,0.0
48224,6.0,0.0
417177,0.0,1.0
77524,3.0,0.0
116636,4.0,0.0
107925,2.0,1.0
416783,6.0,1.0
290493,6.0,0.0
95876,5.0,0.0
22439,3.0,0.0
60019,2.0,1.0
371353,3.0,0.0
303115,4.0,0.0
20356,6.0,0.0
253501,2.0,1.0
23026,3.0,0.0
296866,2.0,0.0
404506,2.0,0.0
156972,2.0,0.0
164238,5.0,0.0
146380,2.0,1.0
236572,3.0,0.0
67598,6.0,1.0
118648,0.0,0.0
213320,4.0,1.0
293540,3.0,0.0
148324,0.0,0.0
285191,5.0,1.0
38896,4.0,2.0
91375,0.0,0.0
243846,0.0,0.0
122200,2.0,0.0
227535,0.0,0.0
303651,5.0,1.0
70560,3.0,0.0
272589,0.0,0.0
345055,3.0,1.0
46776,3.0,1.0
129504,0.0,1.0
42870,3.0,0.0
418291,6.0,0.0
49196,3.0,0.0
323738,3.0,0.0
299816,6.0,0.0
89096,3.0,1.0
349138,2.0,1.0
243620,4.0,1.0
183151,0.0,0.0
396823,0.0,1.0
83380,3.0,0.0
290292,2.0,1.0
113460,3.0,1.0
156356,4.0,1.0
300771,3.0,1.0
350584,2.0,0.0
340091,3.0,1.0
261022,0.0,
225950,0.0,0.0
57727,0.0,0.0
100769,0.0,1.0
2614,4.0,0.0
274626,6.0,0.0
114246,3.0,0.0
57912,0.0,0.0
393153,5.0,0.0
122804,3.0,0.0
131870,4.0,0.0
269951,0.0,0.0
223911,3.0,1.0
182743,2.0,0.0
346316,7.0,0.0
264760,4.0,0.0
357315,0.0,0.0
142249,2.0,1.0
246030,6.0,1.0
419693,2.0,0.0
82194,2.0,0.0
158163,0.0,1.0
249876,2.0,1.0
197061,4.0,1.0
407749,5.0,0.0
241346,5.0,1.0
316523,,
414807,0.0,0.0
371922,4.0,0.0
83546,5.0,0.0
297762,5.0,0.0
386389,3.0,1.0
171297,0.0,0.0
38806,6.0,0.0
245644,6.0,0.0
114743,0.0,0.0
148260,4.0,0.0
270523,3.0,1.0
84597,6.0,0.0
227806,4.0,0.0
108261,4.0,0.0
65415,4.0,1.0
120285,5.0,0.0
186591,3.0,0.0
109332,0.0,1.0
277940,4.0,1.0
14481,6.0,0.0
316721,0.0,0.0
75080,0.0,1.0
204159,3.0,1.0
403031,3.0,0.0
57360,2.0,0.0
55344,3.0,1.0
35683,2.0,1.0
39783,0.0,0.0
87957,2.0,1.0
362051,3.0,0.0
343919,2.0,0.0
126475,0.0,0.0
72339,0.0,0.0
299678,3.0,0.0
373349,0.0,0.0
180997,0.0,0.0
15955,4.0,0.0
356908,3.0,0.0
213479,4.0,0.0
104320,0.0,0.0
143032,0.0,0.0
332962,3.0,0.0
276293,2.0,0.0
336650,3.0,0.0
47739,0.0,1.0
17867,0.0,0.0
46931,4.0,0.0
310280,0.0,0.0
314714,3.0,0.0
141345,2.0,0.0
182518,0.0,0.0
372410,6.0,1.0
297743,3.0,2.0
307260,3.0,0.0
376029,4.0,1.0
391037,6.0,0.0
106463,4.0,0.0
358096,3.0,0.0
258708,3.0,0.0
100707,6.0,1.0
379566,3.0,0.0
382258,6.0,0.0
102707,3.0,0.0
358165,4.0,0.0
103338,5.0,2.0
41640,2.0,1.0
245300,6.0,0.0
73317,3.0,0.0
59451,5.0,1.0
126579,4.0,0.0
239691,4.0,0.0
364631,6.0,0.0
313402,3.0,0.0
117961,3.0,0.0
321964,4.0,0.0
165519,5.0,1.0
382759,2.0,0.0
256535,5.0,0.0
375216,0.0,0.0
192773,0.0,0.0
220103,3.0,0.0
306398,4.0,2.0
211831,2.0,1.0
333007,3.0,0.0
373721,2.0,0.0
340220,0.0,0.0
176017,2.0,1.0
238507,4.0,0.0
155101,4.0,0.0
16125,2.0,0.0
22907,2.0,0.0
372950,4.0,0.0
373032,3.0,2.0
62702,3.0,0.0
382169,0.0,0.0
148653,5.0,0.0
192966,4.0,0.0
376364,4.0,0.0
224242,2.0,0.0
244162,3.0,0.0
214276,0.0,0.0
84237,3.0,0.0
276551,5.0,0.0
101948,2.0,0.0
168779,3.0,0.0
34478,8.0,1.0
304071,4.0,0.0
227963,3.0,0.0
11543,5.0,0.0
147682,3.0,0.0
325530,5.0,1.0
192376,0.0,0.0
347167,0.0,1.0
278171,3.0,0.0
172769,3.0,0.0
346180,3.0,0.0
39548,6.0,0.0
194613,4.0,0.0
101838,0.0,0.0
334190,3.0,0.0
322594,4.0,0.0
418955,3.0,0.0
139651,6.0,0.0
66268,6.0,0.0
331879,4.0,0.0
14759,6.0,0.0
100526,4.0,0.0
224623,5.0,1.0
53600,0.0,0.0
178955,2.0,0.0
200090,0.0,0.0
282603,2.0,1.0
355145,2.0,1.0
358094,3.0,1.0
166236,2.0,1.0
52473,3.0,0.0
237240,0.0,0.0
418815,6.0,0.0
14957,4.0,0.0
374682,0.0,0.0
91352,7.0,0.0
67969,4.0,1.0
351926,3.0,0.0
122612,3.0,1.0
122649,3.0,0.0
386790,3.0,0.0
340904,4.0,1.0
178470,2.0,0.0
121738,0.0,1.0
262830,3.0,1.0
93888,6.0,0.0
28627,6.0,1.0
383278,5.0,0.0
248423,2.0,1.0
277097,2.0,0.0
27581,4.0,1.0
9767,0.0,0.0
128663,4.0,0.0
304700,3.0,0.0
389687,3.0,0.0
37582,3.0,1.0
20731,3.0,0.0
56567,0.0,0.0
385382,4.0,2.0
339014,3.0,0.0
78396,3.0,0.0
303206,3.0,1.0
268969,3.0,0.0
391892,4.0,0.0
355118,0.0,0.0
370768,0.0,0.0
400257,2.0,0.0
414527,0.0,0.0
36424,3.0,0.0
231694,6.0,0.0
379800,3.0,1.0
295119,5.0,0.0
191917,5.0,1.0
101339,2.0,1.0
40311,4.0,0.0
242198,2.0,1.0
392617,3.0,0.0
52350,4.0,0.0
34272,2.0,0.0
212846,4.0,1.0
376703,2.0,0.0
200439,0.0,0.0
13175,3.0,2.0
23679,3.0,1.0
2427,3.0,1.0
313181,4.0,0.0
121241,4.0,1.0
386057,0.0,0.0
349763,4.0,1.0
203092,0.0,0.0
420372,0.0,0.0
303569,4.0,1.0
190292,3.0,0.0
276085,0.0,0.0
360009,6.0,0.0
48552,5.0,0.0
142489,6.0,0.0
368015,0.0,0.0
310974,3.0,0.0
34377,2.0,0.0
405214,3.0,1.0
122909,3.0,0.0
301856,7.0,0.0
261184,3.0,1.0
179122,4.0,2.0
345370,3.0,0.0
246573,3.0,1.0
168889,0.0,0.0
272624,4.0,0.0
353387,0.0,0.0
384200,2.0,1.0
408846,3.0,0.0
60515,3.0,1.0
340067,3.0,0.0
330964,6.0,0.0
106877,0.0,0.0
75111,3.0,0.0
123841,0.0,1.0
32400,0.0,0.0
12969,4.0,0.0
250568,3.0,0.0
142858,2.0,1.0
380241,0.0,0.0
323606,0.0,1.0
279384,5.0,1.0
2429,6.0,0.0
335742,3.0,0.0
192503,6.0,0.0
254003,2.0,0.0
81387,3.0,1.0
359615,5.0,0.0
343315,5.0,0.0
415465,3.0,1.0
355786,0.0,0.0
6984,0.0,0.0
68735,2.0,0.0
101975,2.0,0.0
254962,0.0,1.0
233161,5.0,0.0
78880,3.0,0.0
209734,4.0,0.0
417851,0.0,0.0
2871,3.0,0.0
287689,2.0,0.0
378683,2.0,1.0
121688,3.0,0.0
293021,0.0,1.0
127191,6.0,0.0
185702,2.0,0.0
4506,0.0,0.0
179228,2.0,1.0
242860,6.0,0.0
350920,0.0,0.0
407018,0.0,1.0
181102,0.0,0.0
100381,3.0,0.0
46202,3.0,1.0
43704,4.0,0.0
121810,0.0,
51550,6.0,1.0
19306,6.0,1.0
20036,4.0,0.0
285452,3.0,1.0
161759,6.0,1.0
5598,5.0,0.0
372658,0.0,0.0
49494,3.0,0.0
17249,3.0,0.0
326500,0.0,0.0
330748,4.0,0.0
146828,4.0,0.0
325378,2.0,0.0
213675,0.0,0.0
415556,0.0,0.0
4476,2.0,1.0
157894,0.0,0.0
305220,5.0,2.0
32447,0.0,0.0
43372,3.0,0.0
308987,0.0,0.0
14430,3.0,0.0
5730,4.0,0.0
149689,4.0,0.0
286334,3.0,0.0
106980,0.0,0.0
325094,3.0,1.0
95067,0.0,1.0
102345,5.0,1.0
237311,0.0,0.0
341454,3.0,1.0
114953,6.0,1.0
232192,0.0,0.0
141520,0.0,0.0
357613,5.0,0.0
309114,3.0,0.0
74096,0.0,0.0
377007,5.0,1.0
144513,0.0,0.0
134569,4.0,0.0
359247,4.0,
90736,2.0,0.0
88536,6.0,1.0
324316,3.0,0.0
240637,3.0,1.0
156341,3.0,1.0
346835,3.0,0.0
410529,6.0,0.0
259955,3.0,1.0
417784,4.0,1.0
272691,4.0,1.0
85204,3.0,1.0
412035,3.0,1.0
171604,3.0,0.0
43530,4.0,0.0
80822,0.0,1.0
129406,2.0,0.0
197075,0.0,0.0
361703,2.0,1.0
338378,0.0,0.0
127657,0.0,0.0
164090,2.0,1.0
5896,3.0,0.0
353514,4.0,1.0
75274,3.0,0.0
129632,2.0,0.0
10359,0.0,0.0
196591,3.0,1.0
197495,2.0,1.0
179242,0.0,0.0
423454,2.0,0.0
275167,2.0,0.0
261358,0.0,0.0
292748,0.0,0.0
263419,0.0,1.0
107304,5.0,2.0
391472,0.0,0.0
319579,6.0,1.0
81164,2.0,1.0
2150,3.0,1.0
141525,0.0,0.0
214237,3.0,0.0
194990,6.0,1.0
287261,6.0,0.0
272530,3.0,0.0
154034,2.0,0.0
10782,0.0,0.0
136025,4.0,1.0
234109,0.0,1.0
320675,2.0,0.0
325954,5.0,0.0
351847,3.0,1.0
249764,3.0,0.0
352761,0.0,1.0
62216,5.0,0.0
246605,3.0,1.0
129758,4.0,0.0
56483,2.0,0.0
29605,6.0,0.0
399203,6.0,1.0
252348,4.0,1.0
230967,3.0,0.0
395399,6.0,0.0
209614,3.0,0.0
351481,0.0,0.0
108501,4.0,0.0
337258,2.0,0.0
246890,2.0,0.0
316223,2.0,1.0
307128,4.0,1.0
385068,0.0,0.0
39497,4.0,0.0
179698,5.0,0.0
203476,2.0,1.0
74547,6.0,0.0
243774,5.0,0.0
208913,4.0,0.0
127292,0.0,
242809,3.0,0.0
348501,3.0,0.0
89589,2.0,0.0
381372,3.0,0.0
416876,0.0,0.0
3762,5.0,1.0
299485,4.0,1.0
53364,4.0,1.0
17297,2.0,0.0
300986,0.0,0.0
318149,6.0,0.0
28584,3.0,1.0
373421,0.0,0.0
259118,3.0,0.0
75190,3.0,0.0
253977,2.0,0.0
257879,0.0,0.0
195721,5.0,1.0
138752,2.0,0.0
332424,4.0,0.0
234525,6.0,1.0
374450,2.0,0.0
58381,5.0,0.0
301713,3.0,1.0
271517,4.0,1.0
166341,3.0,0.0
86901,3.0,0.0
96060,2.0,0.0
30301,4.0,0.0
417021,3.0,0.0
249202,0.0,0.0
201471,3.0,0.0
174201,2.0,0.0
346222,7.0,0.0
48373,3.0,0.0
288252,3.0,0.0
400224,3.0,0.0
282748,4.0,0.0
264346,6.0,0.0
76725,4.0,0.0
218742,3.0,0.0
37169,0.0,0.0
231904,5.0,1.0
394792,5.0,0.0
299425,3.0,1.0
110884,3.0,0.0
133605,3.0,1.0
85355,6.0,0.0
236594,3.0,1.0
110222,5.0,0.0
44235,0.0,0.0
124059,4.0,0.0
271247,5.0,0.0
129169,0.0,0.0
70638,2.0,0.0
326123,0.0,0.0
376715,3.0,1.0
71139,0.0,0.0
27569,3.0,0.0
183512,3.0,0.0
142098,0.0,0.0
406926,0.0,2.0
148502,3.0,0.0
153210,4.0,0.0
29617,3.0,
295020,3.0,1.0
350277,0.0,1.0
300216,0.0,1.0
70964,2.0,0.0
369271,2.0,0.0
208644,2.0,1.0
35956,5.0,0.0
84594,6.0,1.0
184214,3.0,0.0
86797,4.0,
347952,3.0,0.0
207995,0.0,0.0
304642,4.0,0.0
73868,0.0,0.0
420025,6.0,0.0
275756,4.0,0.0
208922,5.0,0.0
152106,3.0,0.0
163052,3.0,0.0
289346,3.0,0.0
401635,0.0,0.0
240078,3.0,0.0
193943,5.0,1.0
325761,,
249115,4.0,0.0
143664,5.0,1.0
350991,6.0,0.0
227463,5.0,0.0
213888,2.0,0.0
44407,0.0,1.0
391948,0.0,0.0
336365,4.0,0.0
222305,0.0,1.0
94098,0.0,1.0
213959,3.0,0.0
370152,2.0,1.0
272841,0.0,0.0
392820,0.0,0.0
67529,0.0,0.0
387598,3.0,0.0
319401,2.0,0.0
109608,2.0,1.0
229596,0.0,0.0
261767,0.0,1.0
320275,0.0,0.0
71592,3.0,1.0
218933,4.0,0.0
417943,4.0,0.0
235158,3.0,0.0
136880,4.0,0.0
61659,4.0,0.0
158855,0.0,0.0
101132,5.0,0.0
229695,6.0,0.0
417777,5.0,0.0
250050,3.0,1.0
67067,4.0,0.0
97471,0.0,1.0
257334,3.0,0.0
386395,4.0,0.0
109265,2.0,0.0
366724,3.0,0.0
117053,0.0,1.0
240312,0.0,2.0
389027,5.0,1.0
151453,6.0,0.0
256045,6.0,1.0
357662,0.0,1.0
274447,3.0,
85038,7.0,0.0
295319,0.0,0.0
333590,0.0,1.0
89285,5.0,0.0
229926,4.0,0.0
408763,0.0,0.0
140400,4.0,1.0
117517,3.0,1.0
299910,3.0,1.0
33661,3.0,0.0
218112,4.0,0.0
103801,0.0,
407417,3.0,0.0
236389,6.0,0.0
170303,2.0,0.0
188327,0.0,0.0
258915,0.0,0.0
97366,5.0,0.0
279224,4.0,0.0
193288,3.0,0.0
67693,5.0,1.0
2678,3.0,0.0
19778,4.0,0.0
128633,6.0,0.0
305210,2.0,0.0
108834,6.0,0.0
420556,2.0,0.0
330430,0.0,0.0
344077,3.0,0.0
422583,0.0,0.0
77537,5.0,1.0
61601,5.0,0.0
83191,3.0,0.0
347629,2.0,0.0
172309,0.0,0.0
307059,4.0,0.0
208656,6.0,0.0
184004,0.0,0.0
215629,3.0,1.0
385502,2.0,1.0
101468,4.0,1.0
395425,3.0,1.0
158527,7.0,1.0
132247,3.0,1.0
278813,5.0,0.0
173574,0.0,1.0
249416,2.0,1.0
190375,2.0,0.0
159366,5.0,1.0
109282,7.0,0.0
82118,2.0,2.0
22848,3.0,0.0
73555,4.0,0.0
123484,5.0,0.0
178910,5.0,0.0
92512,0.0,0.0
203331,3.0,0.0
376180,0.0,1.0
242292,3.0,2.0
180950,3.0,0.0
23541,3.0,0.0
363492,4.0,0.0
360116,0.0,0.0
108891,2.0,0.0
215641,5.0,0.0
77277,3.0,1.0
343501,5.0,2.0
19340,6.0,0.0
270137,3.0,0.0
37986,0.0,0.0
254308,0.0,0.0
313597,2.0,0.0
7558,6.0,0.0
270424,5.0,0.0
401308,0.0,0.0
27807,4.0,0.0
105193,5.0,0.0
47380,3.0,0.0
325901,0.0,0.0
240823,3.0,0.0
18656,3.0,0.0
127693,6.0,0.0
390877,4.0,1.0
300640,4.0,
107551,4.0,0.0
123562,0.0,0.0
113586,0.0,0.0
40871,5.0,0.0
381320,4.0,1.0
129391,3.0,0.0
136909,4.0,1.0
398040,6.0,1.0
211283,0.0,0.0
176839,4.0,1.0
333951,0.0,1.0
376446,5.0,1.0
391500,3.0,0.0
260449,3.0,0.0
407323,0.0,0.0
351077,6.0,0.0
378253,0.0,0.0
159306,6.0,0.0
89940,7.0,0.0
238085,2.0,0.0
136981,0.0,0.0
201140,4.0,0.0
291507,3.0,0.0
279922,4.0,0.0
77028,2.0,0.0
189279,6.0,1.0
383150,3.0,1.0
151765,2.0,0.0
350094,3.0,0.0
332010,5.0,0.0
376759,0.0,1.0
34077,4.0,2.0
200168,0.0,1.0
393669,3.0,0.0
249607,3.0,1.0
62098,2.0,0.0
163571,5.0,0.0
286807,3.0,0.0
47948,5.0,1.0
24049,3.0,0.0
366292,4.0,0.0
137153,2.0,0.0
251063,6.0,0.0
122082,0.0,0.0
21067,0.0,0.0
242778,4.0,0.0
340650,2.0,1.0
263546,3.0,0.0
79995,6.0,1.0
224835,5.0,1.0
206652,0.0,0.0
20534,3.0,1.0
418436,2.0,0.0
202560,0.0,0.0
46127,0.0,0.0
338652,3.0,0.0
330470,0.0,0.0
251832,0.0,0.0
84386,0.0,0.0
138599,2.0,1.0
97879,5.0,0.0
149469,3.0,0.0
145188,3.0,0.0
45081,4.0,0.0
370207,0.0,1.0
173502,3.0,1.0
393853,2.0,0.0
325706,4.0,1.0
323419,0.0,1.0
207991,4.0,1.0
181105,,
403063,6.0,0.0
71071,4.0,0.0
297989,3.0,1.0
217182,2.0,0.0
296401,3.0,0.0
119826,3.0,0.0
310633,0.0,0.0
10002,3.0,0.0
323383,0.0,1.0
61615,3.0,0.0
203271,4.0,0.0
128506,4.0,0.0
407693,4.0,0.0
26532,4.0,1.0
399889,3.0,0.0
107492,0.0,0.0
12338,3.0,1.0
183659,3.0,1.0
198100,0.0,1.0
86290,0.0,1.0
166444,4.0,1.0
29809,3.0,0.0
87442,5.0,0.0
339831,0.0,0.0
140904,4.0,0.0
213844,5.0,0.0
388857,6.0,1.0
384816,3.0,1.0
103593,4.0,0.0
253479,3.0,0.0
253652,5.0,0.0
58453,6.0,0.0
72362,0.0,1.0
229394,3.0,0.0
265187,0.0,0.0
245599,0.0,1.0
244986,0.0,0.0
198523,0.0,0.0
12542,5.0,0.0
345424,3.0,0.0
16536,2.0,0.0
409669,7.0,0.0
160461,2.0,0.0
197421,3.0,0.0
266516,5.0,0.0
383953,2.0,0.0
155875,6.0,0.0
154806,3.0,0.0
306229,5.0,0.0
270403,4.0,0.0
268248,3.0,0.0
409819,0.0,0.0
120148,4.0,2.0
43385,5.0,0.0
388400,3.0,1.0
336822,0.0,0.0
103785,6.0,0.0
395729,3.0,1.0
107114,3.0,1.0
171932,3.0,1.0
170330,0.0,0.0
32178,4.0,0.0
287368,4.0,0.0
149708,5.0,0.0
121223,6.0,0.0
206615,3.0,0.0
76090,0.0,1.0
171601,0.0,
140347,0.0,1.0
46876,5.0,0.0
15108,5.0,1.0
181405,4.0,0.0
190921,0.0,0.0
366040,2.0,1.0
134635,3.0,0.0
135003,5.0,0.0
300944,5.0,0.0
212004,4.0,0.0
386546,3.0,2.0
60986,4.0,0.0
197172,5.0,0.0
333901,0.0,0.0
277410,5.0,0.0
94119,3.0,0.0
31454,4.0,0.0
284070,2.0,0.0
327631,3.0,0.0
385599,4.0,0.0
318486,4.0,0.0
60287,3.0,0.0
393997,4.0,0.0
118948,3.0,1.0
136612,4.0,2.0
121345,7.0,0.0
144903,3.0,0.0
194774,3.0,0.0
297439,5.0,0.0
43003,6.0,0.0
272221,3.0,0.0
373783,5.0,2.0
197231,0.0,0.0
352597,5.0,0.0
133367,5.0,1.0
271396,2.0,0.0
421781,3.0,1.0
29945,4.0,0.0
297733,2.0,0.0
174834,5.0,1.0
297074,2.0,0.0
418966,0.0,0.0
46817,0.0,0.0
255284,5.0,0.0
53695,4.0,1.0
186380,0.0,0.0
330699,3.0,1.0
200907,3.0,0.0
96453,0.0,0.0
210579,5.0,1.0
309593,4.0,2.0
374931,3.0,1.0
34325,3.0,0.0
53958,4.0,0.0
159230,2.0,1.0
250651,4.0,0.0
353653,0.0,0.0
207473,0.0,1.0
376185,4.0,0.0
208085,4.0,2.0
353951,4.0,0.0
261435,6.0,0.0
203267,0.0,0.0
395977,3.0,0.0
298079,3.0,0.0
391156,4.0,1.0
177002,4.0,0.0
225233,4.0,1.0
301132,6.0,0.0
398589,4.0,0.0
304290,4.0,0.0
119828,4.0,1.0
326570,2.0,0.0
187598,3.0,0.0
14353,6.0,0.0
406481,0.0,1.0
223166,0.0,0.0
156719,2.0,1.0
405748,0.0,0.0
267065,4.0,1.0
338547,3.0,0.0
229299,2.0,1.0
252965,6.0,0.0
58403,4.0,0.0
155593,4.0,0.0
335737,3.0,0.0
355138,0.0,0.0
339277,4.0,1.0
242018,0.0,0.0
246402,0.0,0.0
109814,4.0,0.0
366831,2.0,0.0
224459,4.0,0.0
372138,0.0,0.0
420340,2.0,1.0
378324,0.0,0.0
387084,4.0,0.0
91356,3.0,0.0
141286,2.0,0.0
278638,4.0,0.0
380301,3.0,0.0
359748,5.0,0.0
107536,4.0,1.0
374181,3.0,0.0
278454,4.0,0.0
189455,0.0,1.0
199200,0.0,0.0
130543,3.0,1.0
151594,4.0,1.0
377575,5.0,0.0
191504,6.0,0.0
346320,4.0,0.0
98183,5.0,1.0
346554,3.0,1.0
348303,2.0,0.0
50674,3.0,
141995,3.0,1.0
97822,6.0,0.0
250648,2.0,1.0
83892,6.0,1.0
410328,0.0,0.0
411241,0.0,1.0
60157,0.0,0.0
263798,4.0,0.0
315525,4.0,1.0
128860,0.0,0.0
335684,3.0,0.0
366441,0.0,0.0
